Newspaper,sourceURL,sourceSlant,,,,,,,,
5280,5280.com,na,,,,,,,,
ABC15.com,abc15.com,center,,,,,,,,
ABC News,abcnews.go.com,center-left,,,,,,,,
Aberdeen Patch,aberdeen.patch.com,na,,,,,,,,
Abington Patch,abington.patch.com,na,,,,,,,,
Above The Law,abovethelaw.com,na,,,,,,,,
Albuquerque Journal,abqjournal.com,center-left,,,,,,,,
Anderson Cooper 360,ac360.blogs.cnn.com,center-left,,,,,,,,
American Civil Liberties Union (ACLU),aclu.org,na,,,,,,,,
Acton Patch,acton.patch.com,na,,,,,,,,
Anchorage Daily News,adn.com,center-left,,,,,,,,
ADWEEK,adweek.com,na,,,,,,,,
Accuracy in Media,aim.org,na,,,,,,,,
Atlanta Journal And Constitution,ajc.com,center-left,,,,,,,,
Alabama News,al.com,right,,,,,,,,
Alaska Star,alaskastar.com,na,,,,,,,,
Algonquin Patch,algonquin.patch.com,na,,,,,,,,
Altadena Patch,altadena.patch.com,na,,,,,,,,
AlterNet,alternet.org,left,,,,,,,,
American Thinker,americanthinker.com,right,,,,,,,,
Ammoland,ammoland.com,na,,,,,,,,
Amnewyork,amny.com,na,,,,,,,,
Anchorage Press,anchoragepress.com,center,,,,,,,,
Andover Patch,andover.patch.com,na,,,,,,,,
Annandale Patch,annandale.patch.com,na,,,,,,,,
Antiwar,antiwar.com,right,,,,,,,,
Associated Press,apnews.com,center,,,,,,,,
"Asbury Park Press (Neptune, NJ)",app.com,left,,,,,,,,
Apple Valley Patch,applevalley.patch.com,na,,,,,,,,
Arbutus Patch,arbutus.patch.com,na,,,,,,,,
Arcadia Patch,arcadia.patch.com,na,,,,,,,,
Ardmore-Merion,ardmore.patch.com,na,,,,,,,,
Argus Leader,argusleader.com,center-left,,,,,,,,
Arkansas Online,arkansasonline.com,left,,,,,,,,
Arkansas Times,arktimes.com,na,,,,,,,,
Arlington Patch,arlington.patch.com,na,,,,,,,,
Ars Technica,arstechnica.com,na,,,,,,,,
Ashburn Patch,ashburn.patch.com,na,,,,,,,,
Aspen Times,aspentimes.com,na,,,,,,,,
American School & University,asumag.com,na,,,,,,,,
Attleboro Patch,attleboro.patch.com,na,,,,,,,,
Austin Chronicle,austinchronicle.com,na,,,,,,,,
Automotive News,autonews.com,center-left,,,,,,,,
Onion AV Club,avclub.com,na,,,,,,,,
Avon OH Patch,avon-oh.patch.com,na,,,,,,,,
Avon Patch,avon.patch.com,na,,,,,,,,
Axios.com,axios.com,center-left,,,,,,,,
Arizona Capitol Times,azcapitoltimes.com,na,,,,,,,,
The Arizona Republic (Phoenix),azcentral.com,center-left,,,,,,,,
Back Bay Patch,backbay.patch.com,na,,,,,,,,
The Bakersfield Californian,bakersfield.com,left,,,,,,,,
Narberth-Bala Cynwyd Patch,balacynwyd.patch.com,na,,,,,,,,
Baldwin-Whitehall Patch,baldwin-whitehall.patch.com,na,,,,,,,,
Baltimore Sun,baltimoresun.com,center-left,,,,,,,,
Banning-Beaumont Patch,banning-beaumont.patch.com,na,,,,,,,,
Barnstable-Hyannis Patch,barnstable-hyannis.patch.com,na,,,,,,,,
Barrington IL Patch,barrington-il.patch.com,na,,,,,,,,
Barrington Patch,barrington.patch.com,na,,,,,,,,
Basking Ridge Patch,baskingridge.patch.com,na,,,,,,,,
The Baylor Lariat,baylorlariat.com,na,,,,,,,,
Beachwood Patch,beachwood.patch.com,na,,,,,,,,
Bed-Stuy Patch,bed-stuy.patch.com,na,,,,,,,,
Bedford-Katonah Patch,bedford.patch.com,na,,,,,,,,
Bel Air Patch,belair.patch.com,na,,,,,,,,
Belleville Patch,belleville.patch.com,na,,,,,,,,
Bellevue Patch,bellevue.patch.com,na,,,,,,,,
Belmont Patch,belmont.patch.com,na,,,,,,,,
Benicia Patch,benicia.patch.com,na,,,,,,,,
Bensalem Patch,bensalem.patch.com,na,,,,,,,,
Berkeley NJ Patch,berkeley-nj.patch.com,na,,,,,,,,
Huntington Woods-Berkley Patch,berkley.patch.com,na,,,,,,,,
Bethel Patch,bethel.patch.com,na,,,,,,,,
Bethlehem Patch,bethlehem.patch.com,na,,,,,,,,
Bethwood Patch,bethwood.patch.com,na,,,,,,,,
Beverly Hills Patch,beverlyhills.patch.com,na,,,,,,,,
Big News Network,bignewsnetwork.com,center,,,,,,,,
Big Think,bigthink.com,center-right,,,,,,,,
Billboard.com Music News,billboard.com,na,,,,,,,,
Billings Gazette,billingsgazette.com,center-left,,,,,,,,
Birmingham Patch,birmingham.patch.com,na,,,,,,,,
The Business Journals,bizjournals.com,center-right,,,,,,,,
Bleacher Report US,bleacherreport.com,na,,,,,,,,
Bloomberg,bloomberg.com,left,,,,,,,,
Bloomer Advance,bloomeradvance.com,na,,,,,,,,
Boston Globe,bostonglobe.com,center-left,,,,,,,,
Boston Herald,bostonherald.com,center-right,,,,,,,,
Boston Magazine,bostonmagazine.com,na,,,,,,,,
Breitbart,Breitbart.com,right,,,,,,,,
Buffalo News,buffalonews.com,center-left,,,,,,,,
Business Insider,businessinsider.com,center-right,,,,,,,,
Bustle,bustle.com,na,,,,,,,,
BuzzFeed,BuzzFeed.com,na,,,,,,,,
C-SPAN,c-span.org,center,,,,,,,,
Corpus Christi Caller-Times,caller.com,center-right,,,,,,,,
CALMatters,calmatters.org,center-left,,,,,,,,
C & G Newspapers,candgnews.com,center-right,,,,,,,,
"The Capital (Annapolis, MD)",capitalgazette.com,center-left,,,,,,,,
Capital Research Center,capitalresearch.org,na,,,,,,,,
Christian Broadcasting Network,cbn.com,center-right,,,,,,,,
CBS,cbs.com,na,,,,,,,,
KFMB-TV,cbs8.com,center-right,,,,,,,,
CBS News,cbsnews.com,center-left,,,,,,,,
Charlotte Observer,charlotteobserver.com,center-left,,,,,,,,
Chicago Sun-Times,chicago.suntimes.com,center-left,,,,,,,,
Chicago Tribune,chicagotribune.com,center-left,,,,,,,,
Chicks on the Right,chicksontheright.com,na,,,,,,,,
"Dunn County News (Menomonie, Wisconsin)",chippewa.com,center-left,,,,,,,,
The Houston Chronicle,chron.com,na,,,,,,,,
Chronicle of Higher Education,chronicle.com,na,,,,,,,,
Cincinnati Enquirer,cincinnati.com,center-right,,,,,,,,
The CIO Factor,cio.com,na,,,,,,,,
Asheville Citizen-Times,citizen-times.com,left,,,,,,,,
Cincinnati CityBeat,citybeat.com,na,,,,,,,,
Baltimore City Paper,citypaper.com,na,,,,,,,,
Topeka Capital-Journal,cjonline.com,center-left,,,,,,,,
Clarion-Ledger,clarionledger.com,left,,,,,,,,
Cleveland.com,cleveland.com,right,,,,,,,,
The Plain Dealer,cleveland.com/plaindealer,na,,,,,,,,
Cleveland Scene,clevescene.com,na,,,,,,,,
CNBC,cnbc.com,center-left,,,,,,,,
CNET News,cnet.com,center-right,,,,,,,,
CNN,cnn.com,center-left,,,,,,,,
CNS News,cnsnews.com,center-right,,,,,,,,
Colorado Independent,coloradoindependent.com,na,,,,,,,,
Columbia Daily Herald,columbiadailyherald.com,center-left,,,,,,,,
"The Columbian (Vancouver, WA)",columbian.com,center-left,,,,,,,,
Columbia Daily Tribune,columbiatribune.com,left,,,,,,,,
The Commercial Appeal (Memphis),commercialappeal.com,na,,,,,,,,
Common Dreams,commondreams.org,left,,,,,,,,
Communications Daily,communicationsdaily.com,na,,,,,,,,
Computerworld,computerworld.com,na,,,,,,,,
Concord Monitor,concordmonitor.com,center-left,,,,,,,,
Consumer Electronics Daily,consumerelectronicsdaily.com,na,,,,,,,,
Tribune's The Hartford Courant (recent 6 months),courant.com,na,,,,,,,,
"The Courier-Journal (Louisville, Kentucky)",courier-journal.com,left,,,,,,,,
The Henderson Gleaner,courierpress.com,left,,,,,,,,
CQ Congressional Press Releases,cqrollcall.com,na,,,,,,,,
Creative Loafing,creativeloafing.com,na,,,,,,,,
Crooks and Liars,crooksandliars.com,center-left,,,,,,,,
Crosswalk,crosswalk.com,na,,,,,,,,
Christian Science Monitor,csmonitor.com,left,,,,,,,,
Connecticut Post,ctpost.com,na,,,,,,,,
Daily Chronicle,daily-chronicle.com,na,,,,,,,,
Daily Breeze,dailybreeze.com,center-right,,,,,,,,
Daily Bulletin,dailybulletin.com,center-right,,,,,,,,
Daily Caller,dailycaller.com,right,,,,,,,,
Boulder Daily Camera,dailycamera.com,center-left,,,,,,,,
Daily Dot,dailydot.com,na,,,,,,,,
The Daily Gazette,dailygazette.com,center-left,,,,,,,,
Chicago Daily Herald,dailyherald.com,na,,,,,,,,
Daily Kos,dailykos.com,left,,,,,,,,
Los Angeles Daily News,dailynews.com,center,,,,,,,,
Daily Press (Newport News),dailypress.com,center-right,,,,,,,,
Daily Progress,dailyprogress.com,left,,,,,,,,
Morris County Daily Record,dailyrecord.com,na,,,,,,,,
"The Daily Republic (Mitchell, South Dakota)",dailyrepublic.com,center-left,,,,,,,,
The Daily Signal,dailysignal.com,center-right,,,,,,,,
Daily Wire,dailywire.com,right,,,,,,,,
Dallas Morning News,dallasnews.com,center-left,,,,,,,,
Dallas Observer,dallasobserver.com,left,,,,,,,,
Dark Reading,darkreading.com,na,,,,,,,,
Dayton.com,dayton.com,na,,,,,,,,
Dayton Daily News,daytondailynews.com,center,,,,,,,,
D Courier,dcourier.com,na,,,,,,,,
Deadline,deadline.com,center,,,,,,,,
Defense News,defensenews.com,center-left,,,,,,,,
Delaware Online,delawareonline.com,center-left,,,,,,,,
Delco Times,delcotimes.com,na,,,,,,,,
Democracy Now,democracynow.org,left,,,,,,,,
Rochester Democrat and Chronicle (New York),democratandchronicle.com,na,,,,,,,,
Denver Post,denverpost.com,center-left,,,,,,,,
Deseret Morning News,deseretnews.com,center-left,,,,,,,,
Des Moines Register,desmoinesregister.com,left,,,,,,,,
Detroit News,detroitnews.com,left,,,,,,,,
Columbus Dispatch,dispatch.com,center-left,,,,,,,,
D Magazine,dmagazine.com,na,,,,,,,,
"The Daily News Journal, Murfreesboro, TN",dnj.com,left,,,,,,,,
Downtrend,downtrend.com,na,,,,,,,,
Duluth News Tribune,duluthnewstribune.com,na,,,,,,,,
The Durango Herald (Colorado),durangoherald.com,center-left,,,,,,,,
Eagle News Online,eaglenewsonline.com,na,,,,,,,,
The Eagle-Tribune,eagletribune.com,center,,,,,,,,
East Bay Times,eastbaytimes.com,left,,,,,,,,
Education Week,edweek.org,left,,,,,,,,
El Paso Times,elpasotimes.com,center-left,,,,,,,,
Athens News Courier,enewscourier.com,center-right,,,,,,,,
Engadget,engadget.com,na,,,,,,,,
Brockton Enterprise,enterprisenews.com,na,,,,,,,,
ESPN,espn.com,na,,,,,,,,
Entertainment Weekly Online,ew.com,na,,,,,,,,
Fairness & Accuracy In Reporting,fair.org,na,,,,,,,,
Fast Company,fastcompany.com,left,,,,,,,,
Federal Computer Week,fcw.com,na,,,,,,,,
Yahoo! Finance,finance.yahoo.com,center-left,,,,,,,,
Florida Today,floridatoday.com,center-left,,,,,,,,
Folsom Telegraph,folsomtelegraph.com,na,,,,,,,,
Forbes,forbes.com,center,,,,,,,,
Fortune,fortune.com,center-left,,,,,,,,
Fort Worth Business Press,fortworthbusiness.com,na,,,,,,,,
Fox News Network,foxnews.com,center-right,,,,,,,,
Columbia Free-Times,free-times.com,na,,,,,,,,
Free Beacon,freebeacon.com,center-right,,,,,,,,
Detroit Free Press,freep.com,left,,,,,,,,
Fresno Bee,fresnobee.com,left,,,,,,,,
Gainesville Sun,gainesville.com,center-left,,,,,,,,
"The Register-Mail (Galesburg, Illinois)",galesburg.com,na,,,,,,,,
Gazette (Colorado Springs),gazette.com,center-left,,,,,,,,
Daily Hampshire Gazette,gazettenet.com,left,,,,,,,,
Government Computer News,gcn.com,na,,,,,,,,
"Mitchell County Press-News (Osage, Iowa)",globegazette.com,center-left,,,,,,,,
Erie Times-News,goerie.com,center-left,,,,,,,,
GOPUSA,gopusa.com,right,,,,,,,,
Gothamist,gothamist.com,na,,,,,,,,
Grand Forks Herald,grandforksherald.com,center-left,,,,,,,,
Grand Haven Tribune,grandhaventribune.com,center,,,,,,,,
Sean Hannity,hannity.com,center-right,,,,,,,,
Hawaii News Now,hawaiinewsnow.com,center,,,,,,,,
Helena Independent,helenair.com,na,,,,,,,,
Greenville Herald-Banner (Texas),heraldbanner.com,na,,,,,,,,
"The Herald-Mail (Hagerstown, Maryland)",heraldmailmedia.com,na,,,,,,,,
Southwest Florida Herald Tribune,heraldtribune.com,left,,,,,,,,
Hollywood Reporter,hollywoodreporter.com,na,,,,,,,,
Hometown Life,hometownlife.com,left,,,,,,,,
Hot Air,hotair.com,na,,,,,,,,
HotNewHipHop,hotnewhiphop.com,na,,,,,,,,
Houston Chronicle,HoustonChronicle.com,left,,,,,,,,
Houston Press,houstonpress.com,na,,,,,,,,
Huffington Post,huffingtonpost.com,left,,,,,,,,
Huffpost,huffpost.com,left,,,,,,,,
International Business Times,ibtimes.com,center-left,,,,,,,,
Idaho Statesman,idahostatesman.com,center-left,,,,,,,,
International Falls Daily Journal,ifallsjournal.com,na,,,,,,,,
Independent Journal Review,ijr.com,center,,,,,,,,
Indianapolis Star,indystar.com,left,,,,,,,,
Indy Week,indyweek.com,na,,,,,,,,
Fargo Forum,inforum.com,center-left,,,,,,,,
Inquisitr,inquisitr.com,center-left,,,,,,,,
Inside Nova,insidenova.com,center-left,,,,,,,,
The Florida Times Union,jacksonville.com,na,,,,,,,,
Jacobin Mag,jacobinmag.com,left,,,,,,,,
"The Weekly Gleaner (Jamaica, New York)",jamaica-gleaner.com,na,,,,,,,,
Lafayette Journal & Courier,jconline.com,left,,,,,,,,
Jewish Press,jewishpress.com,center-right,,,,,,,,
Johnson City Press,johnsoncitypress.com,left,,,,,,,,
Journal-News,journal-news.com,center,,,,,,,,
Journal & Topics Newspapers,journal-topics.com,na,,,,,,,,
Fort Wayne Journal Gazette,journalgazette.net,center-left,,,,,,,,
Lincoln Journal Star,journalstar.com,center-left,,,,,,,,
Milwaukee Journal Sentinel,jsonline.com,left,,,,,,,,
Wichita Eagle,kansas.com,center-left,,,,,,,,
The Kansas City Star,kansascity.com,center-left,,,,,,,,
Lexington Herald Leader,kentucky.com,center,,,,,,,,
KFVS12,kfvs12.com,center,,,,,,,,
Kaiser Health News,khn.org,left,,,,,,,,
KLTV 7,kltv.com,center,,,,,,,,
Knox News Sentinel,knoxnews.com,na,,,,,,,,
Lancaster Eagle Gazette,lancastereaglegazette.com,na,,,,,,,,
"LNP / Sunday LNP (Lancaster, PA)",lancasteronline.com,center-left,,,,,,,,
Laramie Boomerang (Wyoming),laramieboomerang.com,na,,,,,,,,
Las Vegas Sun,lasvegassun.com,center-left,,,,,,,,
Los Angeles Times,latimes.com,center-left,,,,,,,,
Law360,law360.com,center,,,,,,,,
Las Cruces Sun-News,lcsun-news.com,left,,,,,,,,
Long Island City-Astoria Journal & Jackson Heights News (New York),licjournal.com,na,,,,,,,,
LifeNews,lifenews.com,right,,,,,,,,
"The Journal News (Westchester County, New York)",lohud.com,na,,,,,,,,
Lompoc Record Online,lompocrecord.com,center,,,,,,,,
Louisiana Weekly,louisianaweekly.com,na,,,,,,,,
Lowell Sun,lowellsun.com,na,,,,,,,,
Macomb Daily,macombdaily.com,left,,,,,,,,
Macon Telegraph,macon.com,center-left,,,,,,,,
Wisconsin State Journal,madison.com,center-left,,,,,,,,
Marginal REVOLUTION,marginalrevolution.com,na,,,,,,,,
MarketWatch Stock Talk,marketwatch.com,na,,,,,,,,
Mashable,mashable.com,center-left,,,,,,,,
Massapequa Observer,massapequaobserver.com,na,,,,,,,,
MassLive,masslive.com,center-left,,,,,,,,
Morning Call (Allentown),mcall.com,center-left,,,,,,,,
McClatchy Company,mcclatchy.com,na,,,,,,,,
Marietta Daily Journal,mdjonline.com,left,,,,,,,,
Media Matters for America,mediamatters.org,center-left,,,,,,,,
San Jose Mercury News (California),mercurynews.com,left,,,,,,,,
Metro.us,metro.us,center,,,,,,,,
MetroWest Daily News,metrowestdailynews.com,left,,,,,,,,
CBS Miami,miami.cbslocal.com,na,,,,,,,,
Miami Herald,miamiherald.com,center,,,,,,,,
Mic.com,mic.com,left,,,,,,,,
MinnPost,minnpost.com,left,,,,,,,,
Ann Arbor News (Michigan),mlive.com,center-left,,,,,,,,
Modesto Bee,modbee.com,center-left,,,,,,,,
Mondoweiss,mondoweiss.net,na,,,,,,,,
CNN Money,money.cnn.com,na,,,,,,,,
U.S. News - My Money,money.usnews.com,na,,,,,,,,
Mother Jones,motherjones.com,left,,,,,,,,
"Daily Messenger (Canandaigua, New York)",mpnnow.com,na,,,,,,,,
Minnesota Public Radio,mprnews.org,na,,,,,,,,
MSN Entertainment,msn.com,left,,,,,,,,
MSNBC,msnbc.com,center,,,,,,,,
Multichannel News,multichannel.com,na,,,,,,,,
Martha's Vineyard Times,mvtimes.com,na,,,,,,,,
San Antonio Express-News,mysanantonio.com,na,,,,,,,,
National Geographic,nationalgeographic.com,na,,,,,,,,
National Interest,nationalinterest.org,center-right,,,,,,,,
National Review,nationalreview.com,right,,,,,,,,
NBC.com,nbc.com,na,,,,,,,,
NBC News,nbcnews.com,center-left,,,,,,,,
The Nightly Business Report,nbr.com,na,,,,,,,,
New Britain Herald,newbritainherald.com,left,,,,,,,,
New Haven Independent,newhavenindependent.org,na,,,,,,,,
"The Record (Woodland Park, NJ)",newjersey.com,na,,,,,,,,
The Greater New Milford Spectrum,newmilfordspectrum.com,left,,,,,,,,
New Pittsburgh Courier,newpittsburghcourieronline.com,left,,,,,,,,
The New Republic,newrepublic.com,na,,,,,,,,
"News-Journal (Daytona Beach, Florida)",news-journalonline.com,left,,,,,,,,
News-Press.com,news-press.com,center-left,,,,,,,,
News Sentinel,news-sentinel.com,na,,,,,,,,
News4Jax.com,news4jax.com,center-left,,,,,,,,
Lynchburg News and Advance,newsadvance.com,left,,,,,,,,
NewsBusters,newsbusters.org,right,,,,,,,,
NewsDay,newsday.com,center-left,,,,,,,,
Newser,newser.com,center-left,,,,,,,,
"The News Herald (Panama City, Florida)",newsherald.com,center-left,,,,,,,,
NewsMax,newsmax.com,right,,,,,,,,
The News and Observer,newsobserver.com,center-left,,,,,,,,
NewsOK.com,newsok.com,center-left,,,,,,,,
News One,newsone.com,na,,,,,,,,
News-Times,newstimes.com,na,,,,,,,,
Newsweek,newsweek.com,center,,,,,,,,
Newsy,newsy.com,center-left,,,,,,,,
New Yorker,newyorker.com,left,,,,,,,,
New Haven Register,nhregister.com,na,,,,,,,,
Niagara Gazette,niagara-gazette.com,center-left,,,,,,,,
"The Star-Ledger (Newark, New Jersey)",nj.com,center-left,,,,,,,,
Times - Picayune (New Orleans),nola.com,na,,,,,,,,
Noozhawk.com,noozhawk.com,na,,,,,,,,
Northern Star,northernstar.info,na,,,,,,,,
National Public Radio (NPR),npr.org,center,,,,,,,,
"The Northwest Herald (Crystal Lake, Illinois)",nwherald.com,left,,,,,,,,
New York Daily News,nydailynews.com,center,,,,,,,,
New York Magazine,nymag.com,left,,,,,,,,
New York Post,nypost.com,center-right,,,,,,,,
The New York Times,nytimes.com,center-left,,,,,,,,
One America News Network,oann.com,right,,,,,,,,
Odessa American (Texas),oaoa.com,na,,,,,,,,
New York Observer,observer.com,left,,,,,,,,
Ocala Star-Banner (Florida),ocala.com,center-left,,,,,,,,
Orange County Register,ocregister.com,na,,,,,,,,
Akron Beacon Journal,ohio.com,na,,,,,,,,
Oklahoma Gazette,okgazette.com,na,,,,,,,,
Omaha World-Herald,omaha.com,left,,,,,,,,
The Oregonian,oregonlive.com,center-left,,,,,,,,
Orlando Sentinel,orlandosentinel.com,center,,,,,,,,
Orlando Weekly,orlandoweekly.com,left,,,,,,,,
The Palm Beach Post,palmbeachpost.com,left,,,,,,,,
Pasadena Star News,pasadenastarnews.com,center-right,,,,,,,,
Patriot Ledger,patriotledger.com,center-left,,,,,,,,
The Patriot Post,patriotpost.us,right,,,,,,,,
"The Press Enterprise (Riverside, CA)",pe.com,center,,,,,,,,
"Patriot News (Harrisburg, Pennsylvania)",pennlive.com,na,,,,,,,,
Peoria Times,peoriatimes.com,na,,,,,,,,
Petroleum News Alaska,petroleumnews.com,na,,,,,,,,
The Philadelphia Inquirer,Philly.com,center-left,,,,,,,,
"The Virginian-Pilot (Norfolk, VA)",pilotonline.com,left,,,,,,,,
Pinal Central,pinalcentral.com,center,,,,,,,,
"Journal Star (Peoria, IL)",pjstar.com,center-left,,,,,,,,
Pensacola News Journal (Florida),pnj.com,left,,,,,,,,
Politico,politico.com,left,,,,,,,,
PoliticsPA,politicspa.com,na,,,,,,,,
PoliticusUSA,politicususa.com,center-left,,,,,,,,
Polygon - All,polygon.com,na,,,,,,,,
Portland Tribune,portlandtribune.com,na,,,,,,,,
Pittsburgh Post-Gazette,post-gazette.com,center,,,,,,,,
Post And Courier (Charleston),postandcourier.com,center-left,,,,,,,,
Rochester Post Bulletin,postbulletin.com,center-left,,,,,,,,
"The Post-Crescent (Appleton, Wisconsin)",postcrescent.com,center-left,,,,,,,,
Poynter Institute,poynter.org,na,,,,,,,,
Press Democrat (Santa Rosa),pressdemocrat.com,left,,,,,,,,
"Long Beach Press-Telegram (Long Beach, CA)",presstelegram.com,center,,,,,,,,
Pro Publica,propublica.org,na,,,,,,,,
American Prospect,prospect.org,na,,,,,,,,
Providence Journal,providencejournal.com,center-left,,,,,,,,
Wicked Local - Provincetown,provincetown.wickedlocal.com,na,,,,,,,,
Pacific Standard,psmag.com,na,,,,,,,,
"The Quad-City Times (Davenport, Iowa)",qctimes.com,center,,,,,,,,
Queens Tribune (New York),queenstribune.com,na,,,,,,,,
Rand,rand.org,na,,,,,,,,
The Rapid City Journal (South Dakota),rapidcityjournal.com,na,,,,,,,,
Raw Story,rawstory.com,left,,,,,,,,
Real Clear Politics,realclearpolitics.com,center-right,,,,,,,,
Reason Magazine,reason.com,left,,,,,,,,
Recode,recode.net,na,,,,,,,,
reddit,reddit.com,na,,,,,,,,
Redstate,redstate.com,right,,,,,,,,
Reflector.com,reflector.com,left,,,,,,,,
Register Citizen,registercitizen.com,na,,,,,,,,
"Register-Guard (Eugene, OR)",registerguard.com,left,,,,,,,,
Waterbury Republican American,rep-am.com,center,,,,,,,,
Reuters,reuters.com,center,,,,,,,,
Las Vegas Review Journal,reviewjournal.com,na,,,,,,,,
Reno Gazette-Journal (Nevada),rgj.com,left,,,,,,,,
Richmond Times Dispatch,richmond.com,center-left,,,,,,,,
The Roanoke Times (Virginia),roanoke.com,left,,,,,,,,
Rocky Mount Telegram,rockymounttelegram.com,na,,,,,,,,
Rockford Register Star (Illinois),rrstar.com,center-left,,,,,,,,
Rush Limbaugh,rushlimbaugh.com,right,,,,,,,,
Sacramento Bee,sacbee.com,center-left,,,,,,,,
Salem Evening News,salemnews.com,center,,,,,,,,
Salisbury Post (North Carolina),salisburypost.com,left,,,,,,,,
Salon,salon.com,left,,,,,,,,
San Diego Union Tribune,sandiegouniontribune.com,left,,,,,,,,
The San Luis Obispo Tribune,sanluisobispo.com,center-left,,,,,,,,
Santa Maria Times,santamariatimes.com,center,,,,,,,,
San Bernardino Sun (California),sbsun.com,center,,,,,,,,
Wicked Local Scituate,scituate.wickedlocal.com,na,,,,,,,,
"News & Post (Lake City, South Carolina)",scnow.com,right,,,,,,,,
St. Cloud Times (Minnesota),sctimes.com,center,,,,,,,,
York County Coast Star,seacoastonline.com,center-left,,,,,,,,
Seattle Times,seattletimes.com,left,,,,,,,,
Sentinel-Echo,sentinel-echo.com,center,,,,,,,,
"Sentinel & Enterprise (Fitchburg, Massachusetts)",sentinelandenterprise.com,center-left,,,,,,,,
SentinelColorado.com,sentinelcolorado.com,left,,,,,,,,
The San Francisco Chronicle,sfchronicle.com,na,,,,,,,,
San Francisco Examiner,sfexaminer.com,na,,,,,,,,
SFist,sfist.com,na,,,,,,,,
"San Gabriel Valley Tribune (San Gabriel Valley, CA)",sgvtribune.com,center-right,,,,,,,,
Shepherd Express,shepherdexpress.com,na,,,,,,,,
Shreveport Times,shreveporttimes.com,center-left,,,,,,,,
Santa Clarita Valley Signal,signalscv.com,na,,,,,,,,
"The State Journal-Register (Springfield, IL)",sj-r.com,center-left,,,,,,,,
Slate Magazine,slate.com,left,,,,,,,,
Salt Lake Tribune,sltrib.com,center,,,,,,,,
City News Service,socalnews.com,na,,,,,,,,
Sonoran News,sonorannews.com,na,,,,,,,,
South Bend Tribune,southbendtribune.com,center-left,,,,,,,,
Northfield News,southernminn.com,na,,,,,,,,
American Spectator,spectator.org,right,,,,,,,,
The Spokesman-Review,spokesman.com,left,,,,,,,,
Stamford Daily Voice (Connecticut),stamford.dailyvoice.com,na,,,,,,,,
Stamford Advocate,stamfordadvocate.com,na,,,,,,,,
"Standard-Examiner (Ogden, UT)",standard.net,right,,,,,,,,
"Standard-Speaker (Hazleton, Pennsylvania)",standardspeaker.com,na,,,,,,,,
Fort Worth Star-Telegram,star-telegram.com,center-left,,,,,,,,
Honolulu Star-Advertiser,staradvertiser.com,center-left,,,,,,,,
"The Star Democrat (Easton, Maryland)",stardem.com,left,,,,,,,,
Minneapolis Star Tribune,startribune.com,center-left,,,,,,,,
The Austin American-Statesman,statesman.com,center-left,,,,,,,,
Statesvile Record & Landmark,statesville.com,left,,,,,,,,
The St. Augustine Record (Florida),staugustine.com,left,,,,,,,,
The Stevens Point Journal (Wisconsin),stevenspointjournal.com,left,,,,,,,,
St. Louis Post-Dispatch,stltoday.com,center-left,,,,,,,,
Stars and Stripes,stripes.com,center,,,,,,,,
Sun-Sentinel (Fort Lauderdale),sun-sentinel.com,center,,,,,,,,
Sun Gazette,sungazette.com,right,,,,,,,,
"The Daily Telegram (Superior, Wisconsin)",superiortelegram.com,na,,,,,,,,
Sussex Countian,sussexcountian.com,na,,,,,,,,
Shakopee Valley News (Minnesota),swnewsmedia.com,na,,,,,,,,
Santa Ynez Valley News,syvnews.com,na,,,,,,,,
Talking Points Memo,talkingpointsmemo.com,center-left,,,,,,,,
The Tallahassee Democrat,tallahassee.com,center-left,,,,,,,,
Tampa Bay Times,tampabay.com,center-left,,,,,,,,
The Tampa Tribune (Florida),tbo.com,center-left,,,,,,,,
The Press Journal,tcpalm.com,center-left,,,,,,,,
Troy Daily News,tdn-net.com,na,,,,,,,,
TechCrunch,techcrunch.com,left,,,,,,,,
Teen Vogue,teenvogue.com,na,,,,,,,,
Telegram & Gazette (Massachusetts),telegram.com,right,,,,,,,,
"The Tennessean (Nashville, Tennessee))",tennessean.com,left,,,,,,,,
The Texas Tribune,texastribune.org,left,,,,,,,,
The Dispatch,the-dispatch.com,center,,,,,,,,
"Daily Advertiser (Lafayette, Louisiana)",theadvertiser.com,center-left,,,,,,,,
The Advocate,theadvocate.com,left,,,,,,,,
American Conservative,theamericanconservative.com,right,,,,,,,,
The Atlantic,theatlantic.com,left,,,,,,,,
The Blaze,theblaze.com,right,,,,,,,,
Fayette Citizen,thecitizen.com,na,,,,,,,,
Daily Beast,thedailybeast.com,left,,,,,,,,
Vineland Daily Journal,thedailyjournal.com,center-left,,,,,,,,
Epoch Times,theepochtimes.com,right,,,,,,,,
The Federalist,thefederalist.com,right,,,,,,,,
Cedar Rapids Gazette,thegazette.com,left,,,,,,,,
TheGrio,thegrio.com,center-left,,,,,,,,
The Hill,thehill.com,center,,,,,,,,
Norwalk Hour,thehour.com,na,,,,,,,,
Lakeland Ledger,theledger.com,center-left,,,,,,,,
"The Monitor (McAllen, TX)",themonitor.com,center-left,,,,,,,,
The Nation,thenation.com,na,,,,,,,,
New American,thenewamerican.com,right,,,,,,,,
Heritage News-Herald,thenewsherald.com,na,,,,,,,,
NewsLeader,thenewsleaders.com,na,,,,,,,,
"The News Star (Monroe, Louisiana)",thenewsstar.com,left,,,,,,,,
"The News Tribune (Tacoma, Washington)",thenewstribune.com,center-left,,,,,,,,
The Political Insider,thepoliticalinsider.com,na,,,,,,,,
The Real News Network,therealnews.com,left,,,,,,,,
"The Record ( Stockton, California)",therecord.com,na,,,,,,,,
Vacaville Reporter,thereporter.com,na,,,,,,,,
The Root,theroot.com,center-left,,,,,,,,
Sheridan Press.com,thesheridanpress.com,na,,,,,,,,
"The Spectrum (St. George, Utah)",thespectrum.com,left,,,,,,,,
"The State (Columbia, S.C.)",thestate.com,center-left,,,,,,,,
TheStreet.com,TheStreet.com,center-right,,,,,,,,
"The Sun Chronicle (Attleboro, Massachusetts)",thesunchronicle.com,na,,,,,,,,
"The Times-Tribune (Scranton, Pennsylvania)",thetimes-tribune.com,center,,,,,,,,
Grass Valley Union,theunion.com,na,,,,,,,,
The Verge,theverge.com,na,,,,,,,,
The Week Magazine,theweek.com,center-left,,,,,,,,
Westside Gazette,thewestsidegazette.com,na,,,,,,,,
The Wrap,thewrap.com,center-right,,,,,,,,
ThinkProgress,thinkprogress.org,left,,,,,,,,
TIME,time.com,center-left,,,,,,,,
"Daily Times-Call, Longmont, Colo.",timescall.com,na,,,,,,,,
Times Daily,timesdaily.com,na,,,,,,,,
Chattanooga Times Free Press,timesfreepress.com,center-right,,,,,,,,
Times Gazette,timesgazette.com,na,,,,,,,,
"Times Record (Forth Smith, AR)",timesrecord.com,na,,,,,,,,
"The Times Reporter (New Philadelphia, Ohio)",timesreporter.com,center-left,,,,,,,,
"The Times Union (Albany, NY)",timesunion.com,na,,,,,,,,
"The Blade (Toledo, Ohio)",toledoblade.com,center-right,,,,,,,,
Toledo City Paper,toledocitypaper.com,na,,,,,,,,
Town Hall,townhall.com,right,,,,,,,,
Casper Star Tribune,trib.com,center,,,,,,,,
Pittsburgh Tribune Review,triblive.com,left,,,,,,,,
"The Tribune-Star (Terre Haute, Indiana)",tribstar.com,center-left,,,,,,,,
Arizona Daily Star (Tucson),tucson.com,center,,,,,,,,
Tucson Weekly (Arizona),tucsonweekly.com,na,,,,,,,,
Tulsa Beacon,tulsabeacon.com,na,,,,,,,,
Tulsa World (Oklahoma),tulsaworld.com,center-left,,,,,,,,
St. Paul Pioneer Press (Minnesota),twincities.com,center-left,,,,,,,,
Twitchy,twitchy.com,na,,,,,,,,
The Union Leader,unionleader.com,na,,,,,,,,
UPI (United Press International),upi.com,center,,,,,,,,
UPROXX,uproxx.com,na,,,,,,,,
Urban Milwaukee,urbanmilwaukee.com,left,,,,,,,,
USA Today,usatoday.com,center,,,,,,,,
Observer-Dispatch,uticaod.com,center,,,,,,,,
The Valdosta Daily Times (Georgia),valdostadailytimes.com,left,,,,,,,,
Valley Breeze,valleybreeze.com,na,,,,,,,,
Valley Morning Star,valleymorningstar.com,na,,,,,,,,
ValueWalk,ValueWalk.com,right,,,,,,,,
Vanity Fair,vanityfair.com,na,,,,,,,,
Daily Variety,variety.com,center-left,,,,,,,,
Vice Magazine US,vice.com,left,,,,,,,,
Victoria Advocate (Texas),victoriaadvocate.com,na,,,,,,,,
Village Voice,villagevoice.com,na,,,,,,,,
"The Virgin Islands Daily News, St. Thomas",virginislandsdailynews.com,na,,,,,,,,
Valley News,vnews.com,left,,,,,,,,
VOX,vox.com,left,,,,,,,,
VT Digger,vtdigger.org,left,,,,,,,,
Vulture.com,vulture.com,na,,,,,,,,
WABE,wabe.org,left,,,,,,,,
Waco Tribune Herald,wacotrib.com,left,,,,,,,,
WAFB,wafb.com,center,,,,,,,,
WAND TV,wandtv.com,center-right,,,,,,,,
Washington City Paper (District of Columbia),washingtoncitypaper.com,na,,,,,,,,
"The Examiner (Washington, DC)",washingtonexaminer.com,center-right,,,,,,,,
Washington Informer,washingtoninformer.com,na,,,,,,,,
The Washington Post,washingtonpost.com,left,,,,,,,,
The Washington Times,washingtontimes.com,center-right,,,,,,,,
"The Watauga Democrat (Boone, North Carolina)",wataugademocrat.com,na,,,,,,,,
Wave 3,wave3.com,center,,,,,,,,
WBAL Channel,wbaltv.com,center-left,,,,,,,,
WBTV News,wbtv.com,center,,,,,,,,
Waterloo/Cedar Falls Courier,wcfcourier.com,center-left,,,,,,,,
WCPO,wcpo.com,na,,,,,,,,
WDSU New Orleans,wdsu.com,na,,,,,,,,
Wicked Local Wellesley,wellesley.wickedlocal.com,na,,,,,,,,
The Western Journal,westernjournal.com,na,,,,,,,,
Westword,westword.com,na,,,,,,,,
WHEC TV-10,whec.com,center-left,,,,,,,,
Whittier Daily News (California),whittierdailynews.com,center,,,,,,,,
Wilson County News,wilsoncountynews.com,na,,,,,,,,
The Wilton Bulletin (Connecticut),wiltonbulletin.com,na,,,,,,,,
Wicked Local Winchester,winchester.wickedlocal.com,na,,,,,,,,
The Winchester Sun (Kentucky),winchestersun.com,na,,,,,,,,
Wired News,wired.com,na,,,,,,,,
Portage Daily Register,wiscnews.com,center-left,,,,,,,,
WIS-TV,wistv.com,center,,,,,,,,
World Net Daily,wnd.com,center-right,,,,,,,,
WNYC,wnyc.org,center,,,,,,,,
World.Wng.org,world.wng.org,center-right,,,,,,,,
World Net Daily (WND),WorldNetDaily.com,na,,,,,,,,
World Politics Review,worldpoliticsreview.com,na,,,,,,,,
WRAL,wral.com,left,,,,,,,,
The Wall Street Journal,wsj.com,na,,,,,,,,
WTOL-TV,wtol.com,center,,,,,,,,
10connects.com,wtsp.com,center-left,,,,,,,,
WTVM,wtvm.com,na,,,,,,,,
CFO.com,ww2.cfo.com,na,,,,,,,,
WWeek,wweek.com,na,,,,,,,,
WXII 12,wxii12.com,center-left,,,,,,,,
WXYZ,wxyz.com,center,,,,,,,,
Greene County Dailies,xeniagazette.com,na,,,,,,,,
Yahoo! News,yahoo.com,center-left,,,,,,,,
Yakima Herald-Republic (Washington),yakimaherald.com,na,,,,,,,,
York Daily Record,ydr.com,center-left,,,,,,,,
Zanesville Times Recorder,zanesvilletimesrecorder.com,left,,,,,,,,
Zero Hedge,zerohedge.com,right,,,,,,,,
